z_bin,MU_obs_bin,MU_err_bin,MU_theory_bestfit,Residual,MU_obs_bin_shifted,Residual_shifted
-0.1708735294117647,0.0075,0.7071067811865476,35.6098500530854,-35.6023500530854,41.35477,5.7449199469146
