param,median
Omega_m,0.29968098656345726
h,0.69953490937193
gamma,2.999884643418824
